"","carat","cut","color","clarity","depth","table","price","x","y","z"
"19149",1.26,"Very Good","G","SI1",63.3,58,7910,6.88,6.84,4.34
"14523",1,"Good","F","VS2",64,59,5864,6.29,6.25,4.03
"16490",1.2,"Premium","H","SI1",59.5,58,6588,7.02,6.97,4.16
"12966",1.19,"Very Good","J","SI1",60,57,5390,6.93,6.89,4.15
"52348",0.55,"Ideal","E","VVS2",61.4,56,2499,5.28,5.31,3.25
"16934",1,"Very Good","D","VS2",62.6,58,6762,6.31,6.38,3.97
"27173",2,"Premium","I","VS1",61.1,58,17436,8.11,8.08,4.95
"52019",0.71,"Ideal","F","SI2",65.3,53,2445,5.64,5.58,3.67
"41551",0.4,"Very Good","F","VVS1",58.9,59,1236,4.81,4.84,2.84
"33099",0.4,"Ideal","H","VS1",61.1,57,815,4.74,4.78,2.91
"2369",0.9,"Good","I","SI1",63.5,59,3176,6.05,6.1,3.86
"18583",1.52,"Ideal","I","SI2",61.3,60,7582,7.33,7.39,4.51
"3492",0.81,"Ideal","G","VS2",60.8,60,3398,5.98,6,3.64
"37220",0.52,"Fair","F","SI2",56.3,59,975,5.41,5.35,3.03
"49922",0.73,"Ideal","J","SI1",62,55,2184,5.75,5.86,3.6
"47951",0.5,"Good","E","VVS2",64.8,58,1917,4.97,5,3.23
"53594",0.7,"Good","G","VS2",62.6,61,2699,5.57,5.61,3.5
"4205",1.04,"Premium","G","SI2",62.8,59,3564,6.47,6.42,4.05
"51031",0.71,"Ideal","E","SI1",61.5,57,2329,5.78,5.74,3.54
"3372",0.32,"Ideal","G","SI2",61.3,56,407,4.44,4.47,2.73
"12704",0.26,"Ideal","E","VVS1",62,56,599,4.09,4.13,2.55
"7988",0.92,"Good","F","SI1",64,56,4326,6.12,6.17,3.93
"20643",1.05,"Ideal","G","VVS1",61.2,57,8931,6.54,6.57,4.01
"26189",2,"Fair","E","SI2",59.9,61,15540,8.16,8.04,4.86
"28414",0.29,"Ideal","F","VVS1",60.9,57,669,4.29,4.32,2.62
"35179",0.31,"Ideal","G","IF",61.8,54,891,4.36,4.38,2.7
"17928",1.53,"Ideal","G","SI2",61.7,57,7240,7.44,7.41,4.58
"7865",1,"Good","E","SI2",62.1,61,4307,6.36,6.4,3.96
"25859",2.04,"Good","F","SI2",64,57,14936,8.04,7.98,5.13
"16704",0.32,"Ideal","J","VS1",61.3,57,421,4.41,4.43,2.71
"31708",0.31,"Premium","G","VS1",59.9,59,770,4.44,4.41,2.65
"3848",0.74,"Very Good","D","VS2",59.8,58,3476,5.9,5.94,3.54
"33051",0.3,"Ideal","F","VVS1",62.5,57,814,4.26,4.29,2.67
"37251",0.4,"Very Good","D","VVS2",58.4,60,977,4.81,4.84,2.82
"48538",0.7,"Premium","D","SI2",60.8,61,1987,5.69,5.64,3.45
"21017",1.23,"Ideal","G","VS1",62.1,57,9230,6.87,6.79,4.24
"30648",0.4,"Ideal","I","VS1",61.5,59,736,4.72,4.75,2.91
"2721",0.26,"Ideal","E","VVS2",62.5,55,564,4.07,4.09,2.55
"3544",0.73,"Ideal","D","VS2",62.7,53,3412,5.76,5.79,3.62
"8537",1.05,"Very Good","G","SI1",59.1,57,4429,6.63,6.73,3.95
"1568",0.73,"Ideal","H","VVS1",61.6,57,3005,5.81,5.78,3.57
"12572",1.01,"Premium","E","SI1",61.8,60,5279,6.36,6.4,3.94
"6906",1.04,"Ideal","I","SI1",63,56,4135,6.49,6.39,4.06
"53099",0.77,"Premium","E","SI2",61.7,61,2614,5.93,5.9,3.65
"46679",0.59,"Ideal","E","SI1",62.9,57,1789,5.36,5.33,3.36
"22222",1.57,"Ideal","I","VS2",62.7,56,10278,7.36,7.4,4.63
"51677",0.71,"Premium","H","VS1",62.8,58,2398,5.7,5.67,3.57
"16961",1.2,"Ideal","I","VS1",62.8,55,6774,6.79,6.75,4.25
"39432",0.41,"Premium","F","VS1",62.4,60,1076,4.77,4.71,2.96
"35313",0.36,"Ideal","F","VVS2",61.5,56,896,4.58,4.61,2.82
"15418",1.49,"Ideal","F","I1",62.6,54,6175,7.31,7.28,4.57
"52760",0.81,"Very Good","H","SI1",59.1,57,2562,6.09,6.16,3.62
"29091",0.36,"Ideal","G","SI1",62.7,55,689,4.59,4.54,2.86
"19217",1.51,"Good","I","SI2",63.6,60,7957,7.27,7.23,4.61
"53266",0.7,"Premium","F","VS2",63,61,2648,5.64,5.59,3.54
"9181",1.04,"Ideal","H","SI2",61.7,57,4543,6.54,6.49,4.02
"30679",0.4,"Premium","E","SI1",60.1,59,737,4.76,4.82,2.88
"18549",1.18,"Ideal","F","VS2",62,57,7560,6.82,6.77,4.21
"2573",0.82,"Premium","E","SI1",61.2,61,3211,5.98,5.95,3.65
"5591",1.17,"Good","D","SI2",57.4,59,3866,7.02,6.95,4.01
"26438",2.02,"Ideal","H","SI2",63,57,15974,8.01,8.06,5.06
"12113",1.01,"Ideal","G","SI1",62.2,55,5166,6.44,6.46,4.01
"53774",0.7,"Ideal","D","SI1",62.5,55,2726,5.68,5.72,3.56
"45173",0.53,"Very Good","G","VS1",59.6,58,1655,5.24,5.31,3.15
"38210",0.43,"Ideal","F","SI1",61.7,54,1016,4.9,4.86,3.01
"32860",0.31,"Very Good","F","VVS1",61.3,56,808,4.35,4.37,2.67
"30580",0.31,"Ideal","D","VS2",61.9,56,734,4.37,4.38,2.71
"45252",0.54,"Good","E","VS2",63.3,55,1660,5.2,5.26,3.31
"23855",1.52,"Ideal","H","VS1",60.1,60,11946,7.54,7.51,4.52
"36192",0.4,"Ideal","G","VVS2",61.9,55,931,4.72,4.75,2.93
"49534",0.78,"Very Good","H","SI2",62.9,55,2125,5.83,5.87,3.68
"5935",0.9,"Fair","D","SI1",66.1,55,3945,5.98,5.92,3.93
"35091",0.3,"Ideal","F","IF",62.1,57,886,4.29,4.31,2.67
"18669",1.04,"Premium","F","VS1",59.4,60,7632,6.58,6.56,3.9
"51397",0.73,"Very Good","I","VS2",62.2,57,2369,5.75,5.76,3.58
"24952",1.55,"Ideal","H","IF",61.4,57,13421,7.42,7.47,4.57
"36375",0.59,"Premium","G","I1",59.7,59,940,5.48,5.45,3.26
"30285",0.34,"Premium","F","SI2",60,58,447,4.55,4.58,2.74
"52595",0.7,"Ideal","H","VVS1",62,57,2541,5.66,5.7,3.52
"24593",1.51,"Very Good","G","VS2",63.5,59,12906,7.2,7.13,4.55
"15474",1,"Very Good","D","SI1",60.3,58,6196,6.44,6.49,3.9
"47606",0.51,"Ideal","H","IF",62,54,1879,5.14,5.18,3.2
"32250",0.31,"Ideal","H","IF",62.2,54,789,4.38,4.4,2.73
"25050",0.38,"Premium","I","SI2",60,59,641,4.71,4.69,2.82
"9147",1.11,"Ideal","H","SI2",63.5,60,4538,6.58,6.49,4.15
"53909",0.7,"Very Good","E","SI1",61.2,57,2753,5.68,5.73,3.49
"11061",0.34,"Ideal","D","SI1",60.9,56,596,4.53,4.56,2.76
"42915",0.51,"Good","D","SI1",58.7,58,1363,5.21,5.25,3.07
"52150",0.71,"Very Good","H","SI1",61.5,56,2471,5.71,5.75,3.53
"49468",0.54,"Very Good","D","VS2",60.7,57,2113,5.24,5.29,3.2
"51340",0.79,"Premium","H","VS2",61.1,59,2362,5.96,5.93,3.63
"25994",2,"Premium","J","VVS2",63,59,15214,8,7.97,5.03
"53215",0.7,"Ideal","F","SI1",61.8,53,2635,5.7,5.75,3.54
"16283",1.53,"Premium","H","SI2",61.5,60,6512,7.46,7.39,4.56
"3099",1.02,"Ideal","G","I1",61.5,56,3321,6.46,6.49,3.98
"44664",0.24,"Ideal","I","VVS2",61.5,56,523,4.02,4.05,2.48
"51944",0.7,"Premium","F","SI1",61.6,58,2441,5.7,5.73,3.52
"40838",0.41,"Good","F","VVS2",58.6,60,1172,4.83,4.87,2.84
"8028",1.06,"Ideal","I","SI1",62.8,56,4333,6.52,6.47,4.08
"20997",1.12,"Ideal","G","VVS2",61.9,57,9214,6.62,6.66,4.11
"26752",2.24,"Very Good","I","SI2",61.7,57.7,16558,8.37,8.43,5.18
"47219",0.5,"Premium","F","VS1",61.8,60,1838,5.1,5.06,3.14
"16268",1.32,"Premium","H","VS2",61.5,59,6505,7.04,7.01,4.32
"42246",0.57,"Ideal","H","SI1",61.8,55,1292,5.31,5.37,3.3
"12840",1.04,"Very Good","G","VS2",61.4,63,5353,6.51,6.55,4.01
"3228",0.72,"Ideal","G","VVS2",62,55,3352,5.72,5.76,3.56
"24590",1.51,"Premium","F","VS2",61.8,56,12899,7.46,7.32,4.57
"14729",0.3,"Good","G","VS1",63.1,56,605,4.24,4.26,2.68
"40831",0.53,"Ideal","G","SI2",61.6,55,1171,5.2,5.25,3.22
"10127",1,"Very Good","E","SI1",61,61,4719,6.4,6.45,3.92
"42478",0.5,"Very Good","D","SI1",61.6,59,1318,5.12,5.14,3.16
"50009",0.57,"Ideal","H","IF",62.2,56,2195,5.3,5.33,3.3
"53923",0.7,"Very Good","D","VS1",63.1,59,2755,5.67,5.58,3.55
"34266",0.31,"Premium","J","SI1",60.9,60,465,4.38,4.36,2.66
"53404",0.58,"Premium","F","VS1",61.1,59,2668,5.39,5.35,3.28
"53070",0.75,"Ideal","E","SI2",61.7,55,2609,5.9,5.86,3.63
"19220",1.09,"Ideal","G","VS2",62.2,55,7961,6.61,6.65,4.13
"3681",0.51,"Ideal","D","IF",62,56,3446,5.14,5.18,3.2
"7762",1.1,"Very Good","J","SI2",61.8,58,4283,6.6,6.63,4.09
"28392",0.33,"Premium","H","VS2",62,59,668,4.44,4.4,2.74
"38007",0.32,"Ideal","G","VVS1",61.8,56,1008,4.41,4.39,2.72
"32019",0.32,"Very Good","F","VVS2",62.3,57,778,4.38,4.41,2.73
"40022",0.32,"Ideal","E","VVS2",62.4,56,1109,4.43,4.39,2.75
"32429",0.4,"Ideal","G","VS2",62.4,54,792,4.74,4.75,2.96
"37574",0.4,"Ideal","F","VVS2",60.1,57,990,4.78,4.83,2.89
"7760",1.03,"Ideal","J","VS2",61.6,57,4283,6.52,6.47,4
"33807",0.4,"Good","I","VVS1",63.3,57,842,4.67,4.71,2.97
"29046",0.4,"Very Good","E","SI1",61.4,58,687,4.77,4.81,2.94
"47071",0.52,"Ideal","D","VS2",61.5,56,1822,5.15,5.19,3.18
"4322",0.9,"Very Good","G","SI1",61.6,59,3597,6.13,6.19,3.8
"34204",0.33,"Premium","F","VS2",61.9,57,854,4.44,4.42,2.74
"34428",0.3,"Ideal","G","IF",61.4,57,863,4.3,4.33,2.65
"49513",0.7,"Fair","F","SI1",66,56,2121,5.59,5.56,3.68
"47402",0.5,"Ideal","D","SI1",61.8,55,1848,5.11,5.15,3.17
"25342",1.58,"Ideal","F","VS2",60,57,14044,7.58,7.52,4.53
"13508",1.01,"Premium","D","SI1",61.8,60,5543,6.37,6.35,3.93
"9343",1,"Good","I","VS1",63.9,56,4581,6.37,6.18,4.01
"834",0.82,"Ideal","F","SI2",62.3,56,2867,5.99,5.95,3.72
"22358",0.31,"Ideal","H","VS2",62.2,55,628,4.37,4.35,2.71
"41853",0.44,"Ideal","H","IF",62,57,1255,4.87,4.91,3.02
"37967",0.41,"Very Good","F","VS1",60.8,58,1007,4.76,4.82,2.91
"32162",0.34,"Ideal","D","VS1",61.2,58,787,4.45,4.5,2.74
"37259",0.31,"Premium","H","IF",60.4,58,977,4.43,4.41,2.67
"33946",0.31,"Ideal","H","SI1",61.8,54,464,4.34,4.36,2.69
"36688",0.39,"Premium","E","VS2",61.4,58,951,4.73,4.68,2.89
"22928",1.57,"Ideal","I","VS2",60.4,58,10964,7.55,7.59,4.57
"25895",1.82,"Very Good","G","SI1",62.7,58,15025,7.68,7.75,4.84
"18436",1.37,"Ideal","I","VS2",61.3,56,7500,7.15,7.18,4.39
"14843",1.24,"Ideal","I","SI1",62.4,57,5976,6.89,6.87,4.29
"4601",1.01,"Premium","J","SI2",61.9,59,3658,6.38,6.34,3.94
"12646",1.01,"Fair","G","VS2",68.9,60,5294,6.06,6.02,4.17
"12657",1.25,"Premium","J","VS2",62.2,59,5299,6.86,6.88,4.27
"47998",0.37,"Good","H","SI1",63.2,57,533,4.54,4.58,2.88
"34129",0.47,"Very Good","J","VS1",63,60,854,4.92,4.95,3.11
"24331",2.02,"Ideal","J","SI1",62.4,56,12591,8.03,8.19,5.06
"23965",1.7,"Ideal","I","VS1",60.1,57,12099,7.8,7.77,4.68
"9789",1.01,"Very Good","D","SI1",62.4,58,4666,6.39,6.47,4.01
"27871",0.42,"Good","H","SI1",63.6,57,653,4.74,4.79,3.03
"25430",1.81,"Very Good","I","VS1",59.9,61,14177,7.85,7.91,4.72
"20493",1.5,"Very Good","E","SI2",62.7,56,8827,7.33,7.38,4.61
"53602",0.75,"Fair","F","SI1",64.6,57,2700,5.7,5.67,3.67
"30683",0.3,"Very Good","G","VVS1",62.6,62,737,4.21,4.26,2.65
"36729",0.32,"Very Good","G","IF",61.8,55,954,4.39,4.45,2.73
"31666",0.26,"Ideal","F","IF",60.9,55,768,4.15,4.23,2.55
"5073",0.9,"Fair","F","VS1",65.7,59,3750,5.96,5.92,3.9
"24770",1.58,"Premium","G","VS2",62.6,59,13132,7.47,7.44,4.67
"7332",0.91,"Very Good","G","VS1",63.4,54,4209,6.24,6.07,3.9
"33739",0.38,"Very Good","G","VS1",63.5,59,840,4.58,4.61,2.92
"25727",2.03,"Very Good","E","SI2",63.1,56,14646,8.01,7.99,5.05
"35919",0.43,"Ideal","H","SI1",62.5,57,919,4.84,4.79,3.01
"10483",1.25,"Ideal","I","VS2",60,57,4795,7.07,7.02,4.23
"46595",0.54,"Ideal","F","VS2",60.1,56,1786,5.31,5.28,3.18
"7726",0.26,"Premium","E","VS1",61.9,58,580,4.11,4.1,2.54
"5789",1.01,"Premium","F","SI2",61.1,57,3903,6.48,6.44,3.95
"40900",0.47,"Very Good","H","VS2",57.2,60,1178,5.18,5.21,2.97
"3729",0.3,"Good","E","VS1",63.2,57,568,4.26,4.29,2.7
"31184",0.32,"Ideal","D","SI1",62,55,756,4.47,4.37,2.74
"5363",1.01,"Fair","G","SI2",58.7,67,3816,6.52,6.56,3.84
"40106",0.33,"Premium","G","VVS1",62.1,58,1114,4.43,4.4,2.74
"30949",0.32,"Premium","H","SI1",61.3,60,449,4.36,4.42,2.69
"23317",1.7,"Premium","I","VS2",61.2,59,11360,7.62,7.55,4.64
"9510",0.9,"Premium","D","SI1",62.2,58,4612,6.18,6.11,3.82
"700",0.78,"Very Good","H","VS1",61.9,57.1,2854,5.87,5.95,3.66
"16964",1,"Good","E","VS2",63.1,56,6776,6.37,6.41,4.03
"2348",1.03,"Premium","H","I1",61.1,60,3172,6.46,6.51,3.96
"29102",0.34,"Premium","I","VS1",61,60,689,4.51,4.48,2.74
"8071",1.01,"Ideal","I","SI2",62.4,57,4336,6.37,6.41,3.99
"51817",0.64,"Ideal","F","VS2",62.3,56,2419,5.51,5.53,3.44
"8917",1.07,"Premium","H","VS1",60.5,61,4494,6.67,6.59,4.01
"49856",0.67,"Premium","H","VVS2",60.6,61,2171,5.65,5.61,3.41
"27186",2.44,"Very Good","J","SI1",62.9,53,17472,8.58,8.62,5.41
"2913",0.8,"Premium","F","VS2",62.4,59,3285,5.92,5.85,3.67
"28520",0.34,"Very Good","H","VVS2",63.1,57,674,4.41,4.49,2.81
"23083",1.34,"Ideal","H","IF",60.9,57,11109,7.09,7.19,4.35
"33334",0.41,"Very Good","G","VS2",59.8,61,827,4.78,4.82,2.87
"49978",0.29,"Very Good","G","VVS2",60.2,59,541,4.27,4.3,2.58
"52412",0.7,"Very Good","G","VS1",60.8,56,2512,5.72,5.76,3.49
"53313",0.72,"Ideal","I","VS2",61.7,56,2650,5.73,5.78,3.55
"32125",0.4,"Good","F","VS2",62.2,61,784,4.71,4.74,2.94
"233",0.72,"Very Good","F","VS2",63.6,58,2787,5.66,5.69,3.61
"7262",1.01,"Good","F","SI1",64.2,58,4199,6.31,6.33,4.06
"53130",0.62,"Premium","E","VVS2",62,56,2618,5.48,5.42,3.38
"10860",1.03,"Ideal","H","VS1",61.5,57,4874,6.49,6.45,3.98
"44055",0.52,"Very Good","F","VS2",61.9,59,1550,5.11,5.14,3.17
"27762",0.32,"Ideal","H","VS2",61.3,55,648,4.44,4.4,2.71
"5316",1.11,"Premium","G","SI2",62.5,57,3804,6.54,6.49,4.07
"16337",1.01,"Very Good","F","VS2",63.1,60,6533,6.39,6.36,4.02
"44084",0.6,"Very Good","F","SI1",60,61,1554,5.48,5.52,3.3
"22224",1.54,"Very Good","H","SI1",62.2,58,10279,7.32,7.45,4.59
"52341",0.71,"Premium","H","VVS2",61.9,59,2498,5.73,5.7,3.54
"41328",0.31,"Ideal","E","IF",62.5,56,1214,4.34,4.37,2.72
"44863",0.51,"Very Good","H","VS1",62.3,56,1628,5.1,5.13,3.18
"33737",0.33,"Ideal","D","VS1",61,56,839,4.45,4.47,2.72
"36652",0.35,"Premium","J","VS1",62.4,58,949,5.67,5.64,3.53
"29406",0.33,"Ideal","G","VS1",61.6,57,699,4.46,4.49,2.75
"22952",1.59,"Premium","G","SI1",62.1,58,10996,7.45,7.43,4.62
"18263",1.51,"Premium","J","VS2",59.6,60,7418,7.48,7.58,4.49
"37297",0.39,"Ideal","G","VVS1",62,56,978,4.66,4.7,2.9
"39344",0.38,"Ideal","E","VVS2",61.9,53.8,1073,4.66,4.7,2.9
"45957",0.56,"Ideal","F","VS2",62.1,57,1723,5.28,5.29,3.28
"11935",1.09,"Ideal","E","SI2",61.9,55,5127,6.64,6.6,4.1
"30700",0.4,"Very Good","H","VS2",59.1,61,737,4.81,4.84,2.85
"25646",1.51,"Ideal","G","VS1",61.6,56,14542,7.34,7.37,4.53
"1804",0.79,"Very Good","E","SI1",63.2,56,3053,5.91,5.83,3.71
"22332",1.4,"Very Good","G","VS2",62.2,61,10378,7.09,7.13,4.42
"43669",0.56,"Ideal","F","SI1",62.3,55,1436,5.27,5.32,3.3
"9847",1.22,"Ideal","J","SI2",61.2,57,4676,6.86,6.9,4.21
"16571",1.01,"Premium","G","VS1",60.2,59,6618,6.58,6.51,3.94
"53712",0.71,"Ideal","D","SI1",62.5,55,2719,5.69,5.74,3.57
"29729",0.31,"Very Good","G","VVS2",62.9,58,707,4.28,4.3,2.7
"19177",1.51,"Good","H","SI2",62.8,60,7929,7.22,7.26,4.55
"48444",0.51,"Ideal","G","VVS2",62.6,57,1974,5.12,5.1,3.2
"46887",0.54,"Premium","F","VS2",62.4,55,1814,5.23,5.19,3.25
"44613",0.53,"Ideal","E","SI1",62,56,1607,5.19,5.17,3.21
"24695",0.3,"Very Good","G","VVS2",60.4,60,638,4.3,4.34,2.61
"20267",1.71,"Premium","J","SI1",61.7,59,8690,7.63,7.7,4.73
"40565",0.41,"Ideal","G","VVS1",62.1,55,1151,4.74,4.79,2.96
"31585",0.35,"Ideal","E","VS2",62.5,55,767,4.5,4.52,2.82
"5816",0.73,"Ideal","G","VVS1",61.6,56,3913,5.76,5.79,3.56
"48624",0.59,"Very Good","F","SI1",63.4,54,2000,5.35,5.4,3.41
"12203",1.23,"Very Good","I","SI2",62.6,59,5191,6.78,6.86,4.27
"30978",0.37,"Premium","F","VS2",59.7,59,746,4.64,4.68,2.78
"35443",0.32,"Ideal","E","VS2",62.6,53,900,4.38,4.37,2.74
"33801",0.4,"Very Good","F","VS2",62.9,57,842,4.69,4.72,2.96
"43161",0.42,"Ideal","F","VVS1",62,55,1389,4.84,4.81,2.99
"47214",0.5,"Ideal","H","VVS1",60.6,55,1838,5.17,5.13,3.12
"23313",1.5,"Very Good","D","SI1",63.5,57,11352,7.23,7.28,4.61
"40411",0.55,"Premium","E","SI2",58.4,61,1134,5.37,5.31,3.12
"19994",1.01,"Ideal","F","VVS2",61.8,56,8532,6.46,6.49,4
"8561",0.9,"Ideal","D","SI1",61.9,55,4435,6.22,6.18,3.84
"10939",1.01,"Very Good","F","SI1",61,61,4899,6.44,6.47,3.94
"51279",0.58,"Ideal","E","VS1",60.8,57,2359,5.42,5.41,3.29
"42069",0.5,"Ideal","D","SI1",62.7,57,1272,5.06,5.08,3.18
"23416",1.5,"Ideal","F","SI1",62,53,11405,7.32,7.29,4.53
"47106",0.61,"Premium","H","VVS2",62.4,59,1827,5.4,5.43,3.38
"26681",0.3,"Very Good","J","VS1",59.5,60,427,4.39,4.45,2.63
"48182",0.54,"Premium","H","VVS1",62,57,1944,5.25,5.2,3.24
"48809",0.56,"Ideal","D","VS1",60.4,56,2026,5.36,5.33,3.23
"41533",0.42,"Good","G","VVS1",63.6,55,1235,4.78,4.75,3.03
"33868",0.3,"Ideal","E","VS2",61.8,56,844,4.33,4.31,2.67
"40523",0.51,"Ideal","F","SI2",61.3,57,1146,5.16,5.19,3.17
"25559",2.15,"Ideal","I","SI2",61.7,55,14388,8.24,8.43,5.14
"8892",1.17,"Ideal","I","SI2",62.2,56,4488,6.72,6.79,4.2
"46875",0.53,"Premium","E","VS2",61.6,57,1813,5.21,5.18,3.2
"51805",0.7,"Premium","G","SI1",60.5,57,2415,5.75,5.68,3.46
"28144",0.3,"Ideal","G","VVS2",62.6,53,665,4.31,4.35,2.71
"46869",0.53,"Ideal","G","VS1",62.7,55,1813,5.18,5.16,3.24
"7511",0.9,"Ideal","D","SI2",60.8,56,4241,6.24,6.26,3.8
"35944",0.3,"Ideal","F","SI1",61.9,56,475,4.3,4.32,2.67
"3535",0.72,"Ideal","E","VS1",61.2,56,3409,5.78,5.83,3.55
"22667",1.31,"Ideal","E","VS1",61.7,55,10711,7.11,7.05,4.37
"42667",0.44,"Ideal","E","VVS2",60.7,57,1334,4.92,4.9,2.98
"25658",1.77,"Very Good","D","SI1",59.2,61,14561,7.86,7.98,4.69
"14224",1.2,"Ideal","I","VS1",59.3,57,5765,6.95,7.04,4.15
"44027",0.51,"Premium","E","SI1",62.5,57,1546,5.09,5.06,3.17
"6462",0.71,"Ideal","E","VS1",61.1,57,4053,5.74,5.78,3.52
"18068",2.01,"Fair","F","I1",58.7,66,7294,8.3,8.19,4.84
"10148",1.25,"Good","I","SI2",63.9,56,4725,6.81,6.77,4.34
"18775",1.02,"Premium","F","VS1",62.8,58,7677,6.44,6.4,4.03
"51573",0.63,"Premium","G","VS2",60.4,58,2391,5.6,5.59,3.38
"22195",1.21,"Ideal","G","VVS1",60.2,57,10232,7.02,6.94,4.2
"42823",0.52,"Ideal","G","SI1",60.4,57,1354,5.23,5.27,3.17
"13339",1.19,"Premium","D","SI2",58.8,58,5504,7.04,6.9,4.1
"47578",0.54,"Ideal","H","VVS1",61.3,56,1875,5.23,5.27,3.22
"28651",0.3,"Ideal","E","SI1",61.6,57,675,4.32,4.29,2.65
"27252",1.7,"Ideal","F","VS2",61.3,54,17662,7.72,7.67,4.72
"11164",1.04,"Premium","G","SI1",62.6,55,4948,6.49,6.42,4.04
"14313",1.01,"Fair","D","VS2",59.1,68,5797,6.56,6.44,3.84
"41400",0.52,"Ideal","H","SI1",61,56,1223,5.2,5.23,3.18
"30640",0.36,"Ideal","I","IF",61.8,55,735,4.58,4.61,2.84
"31335",0.41,"Ideal","G","SI1",61.4,56,759,4.81,4.83,2.96
"48740",0.56,"Premium","G","VS1",59.9,60,2013,5.41,5.37,3.23
"39259",0.38,"Ideal","E","VS1",62.1,56,1069,4.65,4.62,2.88
"37315",0.38,"Ideal","E","VS1",62.6,53.5,979,4.61,4.66,2.9
"38018",0.39,"Premium","G","VS2",62.3,59,1009,4.69,4.65,2.91
"18671",1.19,"Ideal","H","VS2",62,54,7633,6.79,6.83,4.22
"26348",0.32,"Very Good","F","VS2",61.1,58,645,4.39,4.42,2.69
"10855",1.13,"Premium","H","SI2",62.3,57,4873,6.68,6.65,4.15
"37177",0.32,"Ideal","D","VS2",62.6,55,972,4.39,4.37,2.74
"27433",2.02,"Ideal","H","VS2",61.6,56,18050,8.17,8.12,5.02
"7423",0.71,"Very Good","E","VVS1",62.8,59,4228,5.66,5.71,3.57
"1766",0.75,"Very Good","D","SI1",59.7,62,3046,5.89,5.94,3.53
"39444",0.52,"Premium","G","SI2",58.4,62,1076,5.33,5.28,3.1
"34449",0.46,"Ideal","G","SI2",62.2,53,864,4.95,4.98,3.09
"27575",2.01,"Very Good","G","SI1",62.1,60,18398,7.94,8.03,4.96
"45075",0.52,"Ideal","E","VS2",61.5,56,1644,5.14,5.17,3.17
"36265",0.37,"Ideal","H","IF",61.8,55,936,4.65,4.67,2.88
"20486",1.05,"Ideal","D","VS1",60.5,57,8820,6.61,6.58,3.99
"1433",0.7,"Ideal","E","VS1",60.5,56,2973,5.74,5.79,3.49
"51147",0.7,"Ideal","F","SI1",61.8,58,2343,5.7,5.75,3.54
"10900",1.02,"Very Good","H","SI1",63.4,57,4884,6.42,6.36,4.05
"33753",0.31,"Ideal","F","VVS1",61,56,840,4.39,4.43,2.69
"37520",0.44,"Very Good","E","VS2",60.3,58,987,4.9,4.92,2.96
"19655",1.19,"Ideal","F","VS2",62,57,8265,6.76,6.78,4.2
"51027",0.76,"Fair","H","SI1",61.9,70,2328,5.84,5.77,3.59
"13336",0.9,"Very Good","F","VVS2",61,63,5504,6.13,6.09,3.73
"27665",2.12,"Premium","H","SI1",61.1,60,18656,8.18,8.26,5.02
"23568",2.09,"Good","J","VS2",57.2,64,11576,8.51,8.46,4.85
"45094",0.6,"Premium","G","SI1",61.9,61,1646,5.38,5.34,3.32
"31045",0.4,"Good","I","VVS2",59.7,62,750,4.75,4.79,2.85
"12733",1.23,"Ideal","I","SI2",61.2,58,5315,6.86,6.9,4.21
"6283",1.01,"Premium","F","SI2",62.5,61,4017,6.37,6.33,3.97
"6058",0.32,"Ideal","I","VS2",62.5,55,576,4.4,4.37,2.74
"8950",1.19,"Premium","I","SI2",60.1,59,4498,6.9,6.82,4.12
"39286",0.3,"Ideal","H","VS2",61.9,57,491,4.28,4.31,2.66
"40210",0.31,"Premium","F","IF",60.8,59,1122,4.39,4.36,2.66
"37160",0.32,"Premium","D","VS2",60.3,60,972,4.44,4.42,2.67
"49879",0.7,"Good","H","SI1",63.8,58,2176,5.66,5.59,3.59
"22855",1.01,"Premium","E","VVS1",61.6,58,10888,6.57,6.45,4.01
"48440",0.51,"Ideal","G","VVS2",61.3,57,1974,5.15,5.12,3.15
"32730",0.31,"Ideal","F","VS2",62.6,55,802,4.33,4.29,2.7
"49564",0.53,"Ideal","F","VVS2",61.6,55,2131,5.21,5.24,3.22
"3697",0.72,"Very Good","G","VVS2",60.1,60,3449,5.79,5.82,3.49
"46829",0.58,"Ideal","F","VS2",60.6,56,1809,5.41,5.44,3.29
"37894",0.41,"Very Good","G","VVS2",62.9,56,1007,4.7,4.74,2.97
"4715",0.28,"Very Good","E","VVS2",64,54,572,4.11,4.17,2.65
"24975",2.04,"Premium","J","VS2",61.4,59,13477,8.04,8.14,4.97
"18330",1.04,"Ideal","G","VS1",62.3,56,7457,6.45,6.49,4.03
"33592",0.37,"Premium","H","VS1",60.9,60,833,4.63,4.6,2.81
"540",0.7,"Ideal","H","VVS1",61.6,57,2827,5.69,5.74,3.52
"16722",0.32,"Ideal","F","VS2",60.9,56,610,4.41,4.45,2.7
"18442",1.11,"Very Good","G","VS1",61.5,57.6,7503,6.66,6.7,4.11
"3026",0.66,"Very Good","E","VVS1",61.8,55,3309,5.6,5.66,3.48
"9057",0.34,"Ideal","I","SI1",61.9,57,589,4.48,4.44,2.76
"17739",1.7,"Premium","I","SI2",61.7,56,7140,7.66,7.57,4.7
"9944",1.01,"Ideal","H","SI2",62.4,57,4693,6.36,6.43,3.99
"38168",0.34,"Ideal","G","IF",60.1,57,1014,4.54,4.58,2.74
"267",0.7,"Premium","F","VS1",62.1,60,2792,5.71,5.65,3.53
"37654",0.33,"Ideal","G","IF",61.5,56,992,4.46,4.48,2.75
"12854",1.09,"Ideal","H","SI1",61.9,57,5358,6.63,6.58,4.09
"41956",0.23,"Very Good","E","VVS2",62.6,59,505,3.93,3.96,2.47
"11423",1.1,"Ideal","H","SI2",62,56.5,5002,6.58,6.63,4.09
"4592",1.11,"Premium","D","I1",61.9,58,3655,6.66,6.63,4.11
"17121",1.02,"Very Good","D","VS2",63.7,55,6830,6.42,6.45,4.1
"22432",2.1,"Ideal","I","SI2",63,56,10457,8.18,8.15,5.12
"52916",0.7,"Premium","D","SI1",59.8,57,2589,5.79,5.74,3.45
"49609",0.7,"Very Good","H","VS2",61.4,54,2138,5.77,5.66,3.51
"2528",0.7,"Very Good","F","VVS2",60.5,60,3205,5.7,5.73,3.46
"25849",2,"Premium","G","SI1",59.3,60,14918,8.19,8.13,4.84
"21226",1.28,"Ideal","G","VS1",62.7,53,9372,6.94,6.97,4.36
"11768",1.2,"Good","H","SI2",62.2,62,5082,6.69,6.75,4.18
"3301",0.9,"Very Good","F","SI2",63,56,3368,6.09,6.16,3.86
"7771",0.91,"Very Good","E","SI1",62.1,60,4284,6.21,6.25,3.87
"6921",0.91,"Premium","E","SI1",60.5,61,4138,6.23,6.19,3.76
"29814",0.3,"Premium","D","SI1",62.5,59,709,4.28,4.26,2.67
"29546",0.43,"Good","G","SI1",63.1,58,704,4.75,4.79,3.01
"52845",0.7,"Ideal","D","SI2",62.1,56,2575,5.67,5.71,3.53
"14719",0.3,"Good","H","VVS2",63.1,60,605,4.24,4.28,2.69
"25593",1.54,"Very Good","G","VS1",63.4,57,14433,7.28,7.36,4.64
"34893",0.31,"Ideal","D","VS2",61.8,56,879,4.39,4.35,2.7
"33338",0.41,"Ideal","G","VS2",61.4,54,827,4.77,4.84,2.95
"42465",0.5,"Very Good","E","SI1",61.5,62,1316,5.06,5.09,3.12
"53525",0.71,"Very Good","G","VS2",61.3,59,2690,5.72,5.76,3.52
"27098",2.01,"Premium","H","SI1",62.3,58,17235,8.04,7.99,4.99
"3453",0.74,"Ideal","G","VVS1",62.1,56,3388,5.78,5.82,3.6
"1036",0.53,"Ideal","D","VVS1",62.5,54,2905,5.16,5.21,3.24
"46896",0.6,"Premium","D","SI1",61.5,52,1814,5.5,5.43,3.36
"37440",0.33,"Ideal","E","VVS1",61.7,56,984,4.42,4.46,2.74
"27946",0.25,"Ideal","H","VS1",61.7,57,431,4.04,4.07,2.5
"40546",0.45,"Good","D","VS2",63.7,61,1149,4.81,4.73,3.04
"17939",1.21,"Very Good","H","VS1",62.3,58,7246,6.71,6.74,4.19
"13333",1.22,"Ideal","H","SI2",61.7,56,5502,6.87,6.93,4.26
"24458",1.74,"Ideal","H","SI1",61.9,55,12720,7.74,7.71,4.78
"19222",1.58,"Premium","E","SI2",61,60,7963,7.54,7.51,4.59
"5388",0.3,"Premium","G","SI1",60.1,62,574,4.37,4.35,2.62
"18864",1.55,"Premium","J","VS1",61.6,58,7733,7.39,7.42,4.56
"5499",1.04,"Good","J","VS2",57.4,60,3844,6.76,6.72,3.87
"16149",1.09,"Ideal","H","VS2",62.9,58,6453,6.56,6.51,4.11
"46888",0.7,"Very Good","G","SI2",63.3,57,1814,5.61,5.51,3.52
"4588",0.8,"Ideal","F","VS2",62,55,3653,5.93,6,3.7
"26196",2.01,"Ideal","H","SI2",60.1,57,15562,8.24,8.2,4.94
"4134",1.06,"Ideal","F","I1",62.1,55,3544,6.54,6.57,4.07
"37240",0.4,"Ideal","F","VS2",61.9,55,975,4.77,4.73,2.94
"34276",0.41,"Good","G","I1",63.8,56,467,4.7,4.74,3.01
"14501",1.36,"Premium","I","SI2",62.7,58,5856,7.01,7.08,4.42
"23860",1.51,"Ideal","F","SI1",62.4,56,11950,7.34,7.4,4.6
"3720",0.74,"Ideal","F","VS2",61.9,57,3454,5.79,5.81,3.59
"41843",0.35,"Ideal","E","IF",61.4,56,1254,4.56,4.53,2.79
"7841",1.13,"Ideal","E","SI2",62.4,56,4303,6.66,6.63,4.15
"33858",0.3,"Premium","E","VS2",60,60,844,4.4,4.36,2.63
"16015",1.3,"Premium","H","SI2",60.1,57,6406,7.17,7.13,4.3
"6671",0.95,"Very Good","J","VVS2",60.5,59,4098,6.33,6.36,3.84
"867",0.7,"Very Good","G","SI2",59,62,2872,5.79,5.81,3.42
"33200",0.3,"Premium","G","VVS2",62.9,58,819,4.29,4.26,2.69
"11314",1.15,"Premium","G","SI2",62.2,60,4985,6.69,6.66,4.15
"38561",0.5,"Fair","G","SI2",65.6,56,1035,4.99,4.92,3.25
"51372",0.85,"Ideal","J","SI1",62.3,55,2366,6.1,6.06,3.79
"12105",1.1,"Premium","D","SI1",60.4,59,5166,6.66,6.69,4.03
"28806",0.33,"Ideal","E","VS2",62.4,54,682,4.44,4.47,2.78
"37568",0.31,"Premium","D","VVS2",61.7,58,988,4.39,4.33,2.69
"45812",0.69,"Ideal","G","SI2",62.7,54,1711,5.71,5.64,3.56
"22874",1.57,"Premium","G","SI1",59.5,58,10914,7.56,7.61,4.51
"19324",1.51,"Premium","H","SI2",61.4,60,8033,7.37,7.31,4.51
"47682",0.51,"Ideal","D","VS2",61.9,57,1882,5.15,5.09,3.17
"35622",0.3,"Premium","I","VS1",61.6,60,473,4.27,4.3,2.64
"14836",1.25,"Ideal","J","VVS2",61.1,57,5975,6.91,6.94,4.23
"723",0.36,"Ideal","H","SI1",61.9,55,556,4.57,4.59,2.83
"45088",0.52,"Premium","E","VS2",60.9,58,1646,5.2,5.18,3.16
"13068",1.2,"Ideal","I","SI1",61.8,56,5412,6.77,6.8,4.19
"53154",0.71,"Premium","G","VS2",62.1,62,2623,5.71,5.65,3.53
"49121",0.7,"Good","H","SI1",63.4,61,2066,5.58,5.62,3.55
"52220",0.5,"Ideal","D","VVS2",61.4,55,2482,5.13,5.16,3.16
"17959",1.2,"Premium","G","VS2",59.4,58,7258,6.91,6.85,4.09
"53300",0.3,"Ideal","D","SI1",61.4,56,552,4.32,4.35,2.66
"45352",0.59,"Ideal","E","SI1",62,55,1664,5.37,5.4,3.34
"34912",0.34,"Premium","G","VS1",60.4,61,880,4.53,4.48,2.72
"20107",1.5,"Very Good","G","SI2",60.7,61,8580,7.33,7.36,4.46
"36146",0.33,"Premium","E","VS2",61,60,928,4.47,4.42,2.71
"32711",0.31,"Ideal","F","VS2",62.3,55,802,4.37,4.33,2.71
"16412",1.5,"Good","G","SI2",63.6,58,6552,7.19,7.09,4.54
"34280",0.31,"Ideal","J","VVS2",62,56.1,468,4.31,4.33,2.68
"10536",1,"Very Good","E","SI1",63.4,58,4805,6.29,6.26,3.98
"39726",0.4,"Ideal","E","VVS2",62.3,54,1090,4.74,4.76,2.96
"4726",0.33,"Premium","I","SI1",61.4,58,572,4.5,4.46,2.75
"25665",1.98,"Ideal","I","SI1",62.6,55,14581,8.04,8.1,5.05
"2674",0.71,"Ideal","E","VS1",62.7,57,3238,5.66,5.69,3.56
"26033",0.32,"Ideal","F","VS2",61.3,57,645,4.37,4.4,2.69
"21800",1.2,"Premium","G","VVS2",61.2,58,9873,6.84,6.88,4.2
"44182",0.5,"Very Good","E","VS2",62.4,57,1568,5.01,5.03,3.13
"15932",1.01,"Premium","G","VVS2",61.9,58,6371,6.48,6.38,3.98
"5950",0.76,"Ideal","H","VS2",62,56,3948,5.86,5.88,3.64
"24654",1.7,"Premium","H","VS2",62.8,58,12992,7.57,7.52,4.74
"28241",0.33,"Ideal","G","VS1",62.1,56,666,4.4,4.42,2.74
"42461",0.5,"Very Good","E","SI1",63,58,1316,5.04,5.08,3.19
"37495",0.35,"Premium","E","VS2",61.6,58,984,4.57,4.52,2.8
"28299",0.24,"Ideal","J","VVS2",62.8,57,432,3.96,3.94,2.48
"46118",0.56,"Premium","I","VVS1",60.6,59,1743,5.33,5.29,3.22
"45131",0.52,"Very Good","E","VS2",62.5,58,1653,5.13,5.18,3.22
"4742",0.76,"Ideal","F","VS1",62.2,56,3680,5.83,5.87,3.64
"50167",0.54,"Ideal","F","VVS2",61.4,56,2218,5.27,5.29,3.24
"9688",1.22,"Very Good","J","SI2",62.6,58,4652,6.78,6.84,4.26
"42941",0.33,"Ideal","G","SI1",61.6,56,506,4.43,4.47,2.74
"33646",0.38,"Ideal","G","VS1",60.8,56,833,4.66,4.71,2.85
"53919",0.76,"Premium","I","VS1",59.3,62,2753,5.93,5.85,3.49
"7974",0.9,"Very Good","H","VS1",62.2,59,4324,6.14,6.18,3.83
"25978",2.1,"Premium","G","SI2",62.6,56,15175,8.2,8.16,5.12
"47157",0.45,"Ideal","F","VVS1",61.8,55,1833,4.92,4.95,3.05
"24189",2.18,"Very Good","G","SI2",63.3,59,12377,8.25,8.2,5.2
"1834",0.71,"Very Good","E","VS1",63.3,56,3061,5.64,5.68,3.58
"9661",1.01,"Very Good","H","SI1",63.3,58,4642,6.4,6.37,4.04
"46802",0.52,"Ideal","F","VS2",60,62,1806,5.23,5.19,3.13
"12001",1.01,"Good","D","SI1",63.9,61,5147,6.31,6.28,4.02
"19242",1.15,"Very Good","D","VS1",62.9,54,7978,6.72,6.69,4.22
"838",0.82,"Premium","F","SI2",59.7,57,2867,6.14,6.12,3.66
"18082",1.01,"Good","G","VVS2",58.2,55,7306,6.65,6.68,3.88
"9942",1.01,"Ideal","J","VS1",61.2,57,4693,6.45,6.49,3.96
"40120",0.41,"Ideal","F","VVS2",62.6,55,1115,4.73,4.76,2.97
"13601",0.9,"Ideal","G","VVS1",61.6,57,5564,6.24,6.16,3.82
"28269",0.27,"Ideal","G","SI2",62.3,55,361,4.14,4.18,2.59
"48503",0.54,"Ideal","G","VVS1",61.3,56,1982,5.23,5.28,3.22
"13298",1.03,"Premium","D","SI1",61.8,57,5491,6.53,6.49,4.02
"45336",0.51,"Good","E","VS2",63.8,55,1662,5.08,5.05,3.23
"35932",0.43,"Premium","D","SI2",61.1,58,919,4.9,4.86,2.98
"45926",0.53,"Ideal","G","VS1",61.8,55,1721,5.17,5.22,3.21
"18997",1.01,"Premium","E","VS1",60.8,59,7821,6.42,6.46,3.92
"51897",0.78,"Ideal","F","SI2",59.7,57,2431,6.01,5.98,3.58
"36139",0.33,"Ideal","E","VS2",61.2,56,928,4.47,4.45,2.73
"34962",0.32,"Ideal","I","VS1",62.1,57,471,4.37,4.42,2.73
"28909",0.3,"Good","G","VVS2",63.5,56,684,4.29,4.34,2.74
"11468",1.11,"Ideal","J","VS1",61.3,55,5012,6.65,6.75,4.11
"47442",0.7,"Very Good","I","SI1",61.6,63,1856,5.68,5.59,3.47
"48562",0.56,"Ideal","D","VS2",61.2,56,1991,5.31,5.38,3.27
"47126",0.7,"Fair","E","SI2",70.6,56,1828,5.45,5.35,3.81
"31524",0.34,"Very Good","E","SI1",63.2,55,765,4.49,4.46,2.83
"11881",1.03,"Ideal","G","SI1",60.1,59,5111,6.6,6.57,3.96
"23652",1.5,"Very Good","E","SI1",60.8,58,11688,7.32,7.36,4.46
"8084",1.01,"Premium","G","SI1",63,59,4338,6.32,6.27,3.96
"32422",0.41,"Ideal","D","SI1",60.8,57,791,4.8,4.84,2.93
"21071",1.02,"Very Good","F","VVS2",59.9,57,9246,6.54,6.59,3.93
"20412",1.12,"Ideal","G","VVS2",62,55,8773,6.67,6.69,4.14
"30564",0.31,"Ideal","E","VS1",61.6,57,734,4.32,4.35,2.67
"39240",0.5,"Very Good","F","SI2",61.4,61,1068,5.09,5.14,3.14
"51746",0.63,"Good","H","IF",59.3,62,2404,5.66,5.7,3.37
"5932",1.1,"Ideal","E","I1",61.9,56,3942,6.63,6.59,4.09
"38094",0.45,"Premium","I","VVS1",63,56,1013,4.9,4.88,3.08
"12093",1.18,"Ideal","I","SI2",61.9,54,5163,6.77,6.84,4.21
"19619",1.07,"Ideal","G","VVS2",62.4,55.6,8235,6.48,6.55,4.07
"13705",1.51,"Good","E","I1",57.5,59,5601,7.56,7.51,4.33
"29029",0.31,"Ideal","H","VVS1",62.6,53,687,4.35,4.41,2.74
"39606",0.32,"Ideal","F","SI1",61.3,55,491,4.44,4.47,2.73
"13677",1.02,"Very Good","H","VS1",62.8,59,5598,6.34,6.47,4.02
"20898",1.51,"Premium","I","VS2",63,60,9116,7.3,7.25,4.58
"33077",0.26,"Ideal","E","VVS1",61.7,56,814,4.11,4.09,2.53
"17565",1.62,"Very Good","J","SI2",61.6,60,7072,7.52,7.64,4.67
"40369",0.5,"Ideal","I","VS1",61.9,54,1130,5.12,5.16,3.18
"1658",0.85,"Ideal","G","SI1",61.6,55,3023,6.09,6.11,3.76
"15248",1.04,"Premium","G","VS2",62.2,58,6122,6.49,6.4,4.01
"22320",1.62,"Premium","I","VS1",61.7,59,10362,7.55,7.47,4.63
"7933",0.9,"Ideal","F","SI1",62,57,4318,6.21,6.25,3.86
"38044",0.5,"Ideal","G","SI2",61.2,56,1011,5.13,5.17,3.15
"15867",2.02,"Fair","G","I1",65.6,57,6346,7.87,7.8,5.15
"14751",1,"Very Good","F","VS2",62.1,58,5938,6.36,6.45,3.96
"50188",0.7,"Very Good","E","SI2",61.8,60,2224,5.61,5.65,3.48
"10557",1.06,"Premium","G","SI1",59.6,58,4815,6.67,6.73,3.99
"6644",0.9,"Ideal","E","SI2",62.7,54,4091,6.13,6.21,3.87
"48349",0.74,"Premium","H","SI2",60.9,61,1962,5.84,5.75,3.53
"1",0.23,"Ideal","E","SI2",61.5,55,326,3.95,3.98,2.43
"1351",0.91,"Very Good","E","SI2",58.6,63,2963,6.38,6.32,3.72
"8280",1.02,"Premium","D","SI2",62.1,57,4381,6.41,6.37,3.97
"20065",0.31,"Ideal","F","VS2",62.6,55,625,4.29,4.33,2.7
"41948",0.29,"Ideal","D","VS1",61.7,57,504,4.23,4.26,2.62
"41658",0.5,"Ideal","D","SI2",62.4,56,1239,5.06,5.1,3.17
"9086",1.2,"Very Good","J","SI2",61.2,58,4523,6.77,6.82,4.16
"48169",0.57,"Ideal","G","VS1",62.5,54.2,1943,5.29,5.31,3.31
"18862",1.17,"Premium","G","SI1",62.6,55,7731,6.75,6.7,4.21
"50682",0.53,"Ideal","E","VVS2",62.4,56,2288,5.15,5.17,3.22
"31643",0.25,"Premium","H","VVS1",59.8,59,450,4.07,4.09,2.44
"7682",1.03,"Premium","H","SI1",62.4,58,4274,6.5,6.42,4.03
"14886",1.01,"Ideal","G","VS2",61.7,57,5995,6.48,6.45,3.99
"28669",0.32,"Premium","E","VS1",61.3,58,677,4.36,4.39,2.68
"7800",1.12,"Ideal","H","SI1",62.7,56,4290,6.66,6.61,4.16
"37353",0.4,"Ideal","D","VS2",61.5,55,982,4.71,4.75,2.91
"6244",0.91,"Very Good","I","VS2",59.9,58,4008,6.35,6.27,3.78
"22651",1.51,"Good","E","SI1",63.5,57,10696,7.23,7.28,4.61
"12114",1.25,"Premium","J","SI1",62,58,5166,6.9,6.88,4.27
"31764",0.35,"Ideal","H","VVS1",60.9,57,773,4.55,4.58,2.78
"30619",0.34,"Premium","I","SI1",62.7,58,447,4.4,4.43,2.77
"12367",0.26,"Very Good","F","VVS1",62,59,597,4.08,4.15,2.55
"1807",0.79,"Ideal","E","SI1",62.1,54,3053,5.96,5.92,3.69
"30480",0.31,"Premium","D","SI1",60.2,56,732,4.4,4.37,2.64
"41472",0.41,"Ideal","D","VS1",61,57,1230,4.82,4.78,2.93
"51966",0.3,"Ideal","H","VS1",62.2,57,545,4.28,4.31,2.67
"48607",1,"Fair","I","I1",66.9,57,1997,6.15,6.03,4.09
"30585",0.31,"Ideal","D","VS2",61.5,56,734,4.34,4.37,2.68
"29969",0.31,"Very Good","H","SI1",62.3,55,446,4.34,4.36,2.71
"11505",1,"Very Good","I","VS2",61.9,59,5020,6.35,6.38,3.94
"32430",0.33,"Ideal","E","VS2",61.7,55,792,4.45,4.47,2.75
"39847",0.51,"Very Good","F","SI2",62.7,56,1100,5.07,5.1,3.19
"34532",0.33,"Ideal","G","VVS1",62.2,57,868,4.41,4.46,2.76
"42818",0.5,"Premium","G","VS2",59.4,60,1354,5.14,5.16,3.06
"570",0.56,"Very Good","E","IF",61,59,2833,5.28,5.34,3.24
"1298",0.75,"Good","F","VS1",64.4,59,2953,5.67,5.72,3.66
"44364",0.55,"Premium","D","SI1",62.7,59,1580,5.22,5.25,3.28
"26489",2.01,"Good","F","SI2",64.1,57,16085,7.78,7.82,5
"1469",0.71,"Ideal","G","VVS1",61.7,57,2982,5.7,5.75,3.53
"13005",1.21,"Premium","G","SI2",62.7,59,5405,6.74,6.66,4.2
"13829",1.1,"Ideal","H","SI1",62.2,55,5636,6.66,6.62,4.13
"42510",0.41,"Ideal","F","VS2",61.5,56,1322,4.79,4.83,2.96
"13113",1.11,"Ideal","G","SI1",62.6,57,5428,6.64,6.56,4.13
"5728",0.25,"Very Good","D","VVS2",61.3,59,575,4.07,4.12,2.51
"47079",0.52,"Ideal","D","VS2",62.6,55,1822,5.12,5.14,3.21
"41396",0.53,"Ideal","E","SI2",60.9,57,1223,5.21,5.23,3.18
"17186",1.11,"Premium","F","VS2",62.7,59,6863,6.58,6.62,4.14
"10066",0.32,"Premium","H","SI1",63,59,591,4.37,4.33,2.74
"40772",0.46,"Fair","D","VS1",67.3,61,1166,4.81,4.71,3.21
"12481",0.91,"Ideal","E","SI1",61.4,54,5252,6.26,6.24,3.84
"37004",0.3,"Premium","D","VVS2",62.4,58,965,4.3,4.26,2.67
"22755",2.01,"Fair","H","SI2",65.3,56,10772,7.95,7.86,5.16
"53660",0.73,"Ideal","D","SI2",62.4,56,2707,5.77,5.74,3.59
"35638",0.24,"Very Good","D","SI1",63.1,55,475,3.95,4.01,2.51
"51674",0.71,"Ideal","E","SI2",61.2,57,2398,5.74,5.82,3.54
"32669",0.31,"Ideal","G","VS1",61.4,56,802,4.37,4.36,2.68
"17478",1.01,"Premium","F","VS1",60.8,59,7017,6.45,6.41,3.91
"36637",0.41,"Very Good","D","SI1",63.4,55,947,4.72,4.68,2.98
"10490",0.9,"Fair","D","SI1",64,63,4796,6.12,6.04,3.89
"1697",0.91,"Ideal","I","SI2",61.6,57,3034,6.23,6.24,3.84
"14853",1.07,"Ideal","F","SI1",62.7,56,5982,6.47,6.53,4.08
"34781",0.41,"Premium","D","SI2",62.4,60,876,4.77,4.71,2.96
"47598",0.59,"Very Good","G","VS1",62,56,1878,5.35,5.39,3.33
"18535",1.51,"Premium","J","VS2",60.2,59,7553,7.36,7.35,4.43
"1454",0.54,"Ideal","F","VVS1",61.6,55,2977,5.28,5.27,3.25
"26292",1.5,"Ideal","D","VS2",62,57,15788,7.34,7.37,4.56
"31664",0.38,"Ideal","H","VS1",62.2,53.7,768,4.63,4.68,2.9
"34274",0.28,"Ideal","H","VS2",62.5,54,467,4.2,4.22,2.63
"6599",1,"Very Good","F","SI2",62.8,57,4081,6.37,6.44,4.02
"11116",1.02,"Good","F","SI1",64.3,58,4936,6.28,6.32,4.05
"28993",0.34,"Very Good","F","VS2",62.9,58,686,4.44,4.46,2.8
"29760",0.42,"Premium","I","SI2",61.5,59,709,4.84,4.78,2.96
"33252",0.45,"Ideal","I","VS1",62.1,55,825,4.9,4.92,3.05
"26930",1.73,"Premium","G","VS2",62.9,58,16960,7.65,7.58,4.79
"7627",0.8,"Very Good","E","VS2",61.6,57,4263,5.95,5.97,3.67
"49375",0.54,"Premium","D","VS1",61.1,58,2100,5.3,5.24,3.22
"171",0.75,"Ideal","D","SI2",61.3,56,2773,5.85,5.89,3.6
"31067",0.33,"Very Good","G","VVS2",61.2,57,752,4.42,4.44,2.71
"36423",0.39,"Good","G","VS2",63.7,53,942,4.67,4.62,2.96
"36372",0.33,"Ideal","D","VS2",60.9,56,940,4.49,4.51,2.74
"5858",0.51,"Fair","F","VVS2",65.4,60,3920,4.98,4.9,3.23
"11482",1.21,"Very Good","I","SI2",63.2,57,5014,6.7,6.66,4.22
"47925",0.56,"Ideal","G","VS1",60.6,56,1915,5.36,5.33,3.24
"18221",0.9,"Ideal","D","VS1",61.9,59,7393,6.14,6.17,3.81
"32008",0.37,"Ideal","E","SI1",61.4,56,777,4.65,4.6,2.84
"13878",1.01,"Very Good","F","VS2",63.5,58,5650,6.35,6.32,4.02
"52292",0.25,"Very Good","D","VVS2",62.1,57,548,4.02,4.07,2.51
"23184",2.06,"Premium","I","SI2",62.2,60,11190,8.14,8.1,5.05
"2455",0.73,"Ideal","D","SI1",61.8,56,3189,5.8,5.76,3.57
"17588",1.08,"Premium","F","VS2",62.8,59,7079,6.55,6.47,4.09
"51440",0.81,"Ideal","H","SI2",61.4,57,2375,6,5.96,3.67
"46630",0.3,"Very Good","E","SI1",60.6,56,526,4.35,4.37,2.64
"6200",1.01,"Very Good","J","SI1",62.8,57,3998,6.37,6.41,4.01
"40290",0.3,"Ideal","H","VS2",61.9,55,496,4.28,4.31,2.66
"46566",0.53,"Ideal","D","VS2",60.9,57,1783,5.17,5.24,3.17
"4953",1.01,"Ideal","I","SI2",61.9,55,3733,6.45,6.38,3.97
"469",0.7,"Ideal","E","VS1",62.9,57,2818,5.66,5.61,3.54
"39737",0.38,"Ideal","D","VS1",62.1,53.9,1092,4.65,4.67,2.9
"13279",1.01,"Good","F","VS2",57.3,62,5487,6.63,6.59,3.79
"7109",0.92,"Very Good","D","SI2",62.4,60,4168,6.21,6.25,3.89
"53386",0.7,"Ideal","F","SI1",61.7,58,2662,5.67,5.7,3.51
"13394",0.32,"Very Good","F","VS2",59.7,62,602,4.38,4.43,2.63
"30781",0.4,"Ideal","D","SI1",62.5,55,741,4.71,4.73,2.95
"44401",0.43,"Premium","D","VVS1",59.6,58,1584,4.89,4.94,2.93
"24219",2.01,"Premium","J","SI2",61.4,60,12407,8.14,8.07,4.98
"37195",0.46,"Ideal","I","VS1",62.3,56,974,4.96,4.93,3.08
"21321",1.51,"Very Good","F","SI2",63.4,57,9471,7.29,7.25,4.61
"24974",1.51,"Premium","F","VS2",62.2,60,13474,7.25,7.34,4.54
"47602",0.7,"Good","F","SI1",64.3,62,1878,5.55,5.49,3.55
"26397",2.14,"Premium","I","SI1",61.3,61,15913,8.32,8.28,5.09
"46258",0.54,"Premium","G","VS1",61.1,59,1754,5.22,5.26,3.2
"43504",0.43,"Ideal","F","VVS1",62.3,55,1422,4.88,4.85,3.03
"51009",0.74,"Very Good","I","VS2",60.8,59,2327,5.83,5.85,3.55
"29577",0.41,"Very Good","F","SI1",63,56,705,4.71,4.78,2.99
"42812",0.46,"Ideal","H","VS1",61.9,55,1353,4.95,4.99,3.08
"46294",0.3,"Ideal","E","SI1",61.9,57,526,4.29,4.33,2.67
"22987",1.87,"Premium","H","SI2",62.5,58,11037,7.86,7.81,4.9
"32721",0.31,"Ideal","F","VS2",62.3,57,802,4.34,4.3,2.69
"36357",0.34,"Very Good","F","VVS1",61,56,939,4.52,4.53,2.76
"11475",0.9,"Ideal","H","VS1",62,54,5013,6.2,6.23,3.86
"45986",0.3,"Very Good","H","VS1",62.9,56,526,4.22,4.27,2.67
"51184",0.78,"Very Good","H","SI2",63.1,56,2348,5.84,5.88,3.7
"50851",0.78,"Very Good","J","VS2",63,58,2312,5.84,5.87,3.69
"29266",0.31,"Premium","E","SI1",60.1,61,698,4.4,4.35,2.63
"45827",0.65,"Premium","G","SI1",59.9,59,1712,5.69,5.62,3.39
"36557",0.4,"Premium","E","SI1",62.2,58,945,4.74,4.71,2.94
"11802",1.1,"Premium","D","SI2",61.5,60,5088,6.64,6.58,4.06
"38747",0.35,"Ideal","G","IF",61.4,55,1044,4.56,4.59,2.81
"44454",0.53,"Good","G","VS1",63.8,56,1591,5.17,5.11,3.28
"8877",1.04,"Ideal","H","SI2",62.1,56,4484,6.5,6.48,4.03
"42425",0.51,"Good","F","SI1",63.6,56,1312,5.11,5.08,3.24
"41537",0.42,"Ideal","G","VVS1",62,56,1235,4.84,4.81,2.99
"50772",0.71,"Good","F","SI1",57.9,53,2300,5.84,5.8,3.37
"43252",0.42,"Premium","G","IF",60.2,59,1400,4.8,4.87,2.91
"13959",1.01,"Very Good","G","VS2",62.5,57,5679,6.37,6.4,3.99
"35774",0.4,"Premium","E","VS2",62.2,59,912,4.71,4.74,2.94
"15274",1.5,"Premium","H","SI2",61.5,58,6132,7.38,7.32,4.52
"1618",0.71,"Ideal","F","VS1",61.1,57,3013,5.76,5.82,3.54
"16385",1.04,"Ideal","G","VS2",62.8,56,6542,6.48,6.42,4.05
"34693",0.3,"Ideal","F","IF",59.8,58,873,4.37,4.46,2.64
"17227",1.23,"Premium","G","SI1",61.2,59,6888,6.88,6.81,4.19
"44252",0.51,"Premium","D","SI1",62.3,61,1574,5.11,5.07,3.17
"6514",0.9,"Ideal","H","VS1",61.2,57,4064,6.28,6.24,3.83
"38499",0.42,"Ideal","G","VVS2",62.2,56,1031,4.77,4.81,2.98
"34249",0.38,"Ideal","G","SI1",61.3,56,855,4.67,4.63,2.85
"36262",0.31,"Ideal","E","VVS1",62.3,57,936,4.32,4.35,2.7
"14031",1.22,"Ideal","H","SI2",61.7,56,5703,6.83,6.91,4.24
"1161",0.51,"Very Good","E","IF",63.3,58,2925,5.03,5.08,3.2
"7718",0.32,"Ideal","H","VS1",61,56,580,4.43,4.45,2.71
"16071",1.02,"Premium","G","VS2",61.5,59,6416,6.44,6.41,3.95
"626",0.83,"Premium","F","SI2",61.4,59,2840,6.08,6.04,3.72
"22280",1.09,"Ideal","E","VVS2",60.9,56,10333,6.66,6.7,4.07
"42618",0.32,"Premium","I","VS1",61,60,505,4.42,4.47,2.71
"23086",1.22,"Ideal","G","IF",61.7,56,11111,6.87,6.91,4.25
"13762",1.2,"Ideal","H","SI2",61,57,5610,6.84,6.9,4.19
"1907",1,"Fair","J","VS1",66.6,57,3080,6.07,6.03,4.03
"29961",0.31,"Ideal","G","SI1",61.7,54,446,4.38,4.4,2.71
"47087",0.7,"Good","J","SI2",58.7,58,1824,5.74,5.85,3.4
"6708",0.23,"Premium","D","VS2",58.5,61,411,4.06,3.98,2.35
"37740",0.46,"Ideal","I","VS1",62,54,997,4.97,4.99,3.09
"363",0.75,"Very Good","H","VVS1",60.6,58,2806,5.85,5.9,3.56
"42244",0.52,"Ideal","D","SI2",61.2,57,1292,5.2,5.22,3.19
"51439",0.71,"Very Good","E","SI2",61.9,63,2375,5.74,5.69,3.54
"53178",0.71,"Premium","E","VS2",61.3,59,2630,5.7,5.76,3.51
"17439",1.09,"Very Good","F","VS2",61.4,54,6990,6.66,6.7,4.1
"41060",0.5,"Very Good","D","SI1",60.7,59,1190,5.11,5.04,3.08
"3667",1.22,"Very Good","J","SI2",63.5,58,3443,6.8,6.75,4.3
"51465",1.2,"Fair","G","I1",66.6,57,2376,6.57,6.5,4.34
"3530",1.04,"Good","J","SI1",64.2,58,3407,6.42,6.34,4.1
"602",0.7,"Very Good","E","SI1",63.5,59,2838,5.53,5.49,3.5
"49428",0.7,"Premium","F","SI2",61.9,62,2107,5.69,5.66,3.51
"32882",0.4,"Ideal","J","VS1",62.6,55,810,4.75,4.71,2.96
"27310",2.11,"Premium","G","SI1",61.6,59,17816,8.24,8.19,5.06
"10625",1.07,"Ideal","H","SI1",62,57,4830,6.51,6.56,4.05
"28186",0.4,"Premium","D","SI2",61.7,58,666,4.69,4.74,2.91
"7646",1.21,"Premium","J","VS2",62.4,58,4268,6.83,6.79,4.25
"13934",1.2,"Premium","H","SI1",61.8,58,5669,6.8,6.72,4.18
"5840",0.9,"Very Good","H","VS2",63.1,60,3919,6.12,6.08,3.85
"13179",1.11,"Premium","H","VS2",61.7,58,5450,6.64,6.69,4.11
"48235",0.7,"Ideal","J","SI1",60.1,59,1949,5.79,5.75,3.47
"5612",0.89,"Ideal","E","SI2",61.8,56,3872,6.15,6.19,3.81
"34721",0.39,"Very Good","G","VVS2",62.1,55,875,4.67,4.7,2.91
"35871",0.34,"Ideal","D","VVS2",60.1,57,918,4.54,4.58,2.74
"51424",0.85,"Good","J","VS1",63.6,57,2372,6.01,5.94,3.8
"27317",2.1,"Very Good","I","VS2",59.4,60,17837,8.39,8.47,5.01
"37599",0.23,"Very Good","E","VVS2",59,63,485,3.98,4.05,2.37
"38860",0.4,"Premium","F","VS1",60.4,59,1050,4.76,4.75,2.87
"44318",0.31,"Good","H","SI1",64,54,521,4.31,4.29,2.75
"5030",1.01,"Very Good","J","SI1",62.9,56,3749,6.35,6.4,4.01
"590",0.82,"Very Good","H","SI1",60.7,56,2836,6.04,6.06,3.67
"42436",0.53,"Ideal","D","SI2",61.9,55,1314,5.19,5.24,3.23
"16403",1.06,"Ideal","G","VS2",61.1,57,6548,6.56,6.59,4.02
"22094",1.51,"Very Good","E","SI1",63.1,56,10113,7.24,7.22,4.56
"47992",0.32,"Premium","J","IF",61.2,59,533,4.41,4.44,2.71
"45439",0.57,"Premium","E","VS2",62.9,57,1672,5.29,5.24,3.31
"49123",0.7,"Good","H","SI1",63.8,58,2066,5.59,5.66,3.59
"48479",0.7,"Very Good","J","SI1",61.7,57,1979,5.65,5.69,3.5
"33009",0.43,"Premium","F","SI2",58.3,62,813,4.97,4.91,2.88
"52667",0.72,"Very Good","H","VS2",60.8,59,2550,5.74,5.77,3.55
"12025",1,"Premium","F","SI1",62.1,59,5152,6.39,6.36,3.96
"51693",0.76,"Premium","E","SI2",60,59,2399,5.94,5.9,3.55
"479",0.75,"Ideal","E","SI1",62,57,2821,5.8,5.78,3.59
"41498",0.42,"Ideal","F","VVS1",62,55,1233,4.8,4.84,2.99
"23709",0.34,"Very Good","H","VVS2",61,55,632,4.52,4.55,2.76
"24178",1.72,"Very Good","D","SI2",63.4,62,12360,7.59,7.53,4.79
"16836",1.3,"Ideal","I","VS2",61.7,56,6714,7.07,7.02,4.35
"6868",0.91,"Premium","H","VS2",61.9,59,4128,6.23,6.18,3.84
"49195",0.7,"Very Good","H","SI2",60,60,2077,5.76,5.8,3.47
"6690",1.2,"Very Good","J","SI2",61.8,56,4102,6.81,6.85,4.22
"18211",1.03,"Ideal","G","VS1",62.4,56,7391,6.44,6.47,4.03
"14554",1.25,"Ideal","H","SI2",62.8,55,5880,6.87,6.82,4.3
"38873",0.4,"Premium","F","VS1",61.9,59,1050,4.7,4.67,2.9
"9641",1.18,"Premium","I","SI2",61.7,58,4639,6.79,6.75,4.18
"52757",0.7,"Very Good","G","VS2",62.5,54,2562,5.63,5.69,3.54
"8455",1.01,"Ideal","I","SI1",62.5,56,4413,6.4,6.44,4.01
"14453",1.2,"Very Good","H","VS2",63.2,55,5833,6.74,6.67,4.24
"50962",0.54,"Premium","D","VVS2",59.1,60,2323,5.36,5.34,3.16
"31663",0.37,"Ideal","E","VS2",60.1,59,768,4.64,4.68,2.8
"18787",1.02,"Very Good","F","VS1",63.6,60,7682,6.25,6.33,4
"16276",1.23,"Ideal","G","SI1",61.4,56,6509,6.94,6.91,4.25
"49132",0.56,"Ideal","D","VS2",61.1,56,2066,5.33,5.3,3.25
"33151",0.31,"Premium","G","VVS1",61.4,58,816,4.32,4.35,2.66
"5676",0.8,"Ideal","F","VS1",61.6,54,3884,5.99,5.95,3.68
"37851",0.33,"Ideal","E","VS1",62.7,57,1002,4.45,4.38,2.77
"3089",0.84,"Good","G","VS1",63.6,57,3316,5.98,5.93,3.79
"6837",1.01,"Very Good","F","SI2",61,60,4121,6.44,6.48,3.94
"30296",0.3,"Very Good","G","SI1",60.1,62,447,4.35,4.37,2.62
"14654",1.2,"Ideal","I","VS2",62.1,57,5914,6.78,6.71,4.19
"14480",1.2,"Premium","G","SI2",62.4,58,5846,6.77,6.73,4.21
"16543",1.22,"Premium","H","VS2",62.3,58,6608,6.85,6.77,4.24
"16376",0.28,"Ideal","D","VVS1",61.7,57,608,4.2,4.23,2.6
"43029",0.63,"Ideal","I","SI1",62,57,1372,5.47,5.49,3.4
"18531",1,"Fair","E","VVS2",56.8,58,7553,6.59,6.64,3.76
"49556",0.81,"Premium","J","VS2",60.6,60,2129,6.04,6,3.65
"36315",0.32,"Ideal","G","VVS2",61.1,55,936,4.45,4.42,2.71
"39558",0.32,"Ideal","G","VVS1",61.9,56,1080,4.4,4.39,2.72
"9701",0.32,"Very Good","D","SI1",63,58,589,4.36,4.4,2.76
"36483",0.32,"Ideal","F","IF",60.9,57,943,4.42,4.45,2.7
"49009",0.53,"Ideal","G","VVS2",62.2,54,2051,5.22,5.17,3.23
"25472",2.03,"Very Good","I","SI2",62.2,54,14239,8.11,8.15,5.06
"9613",1.02,"Very Good","D","SI2",60.3,58,4633,6.48,6.52,3.92
"53143",0.78,"Ideal","F","SI2",61.2,56,2622,5.93,5.97,3.64
"15817",1.18,"Ideal","E","SI2",60.9,57,6328,6.86,6.89,4.19
"24805",1.53,"Very Good","G","VS1",62.8,59,13189,7.32,7.36,4.61
"15625",1.01,"Very Good","D","SI1",61.4,59,6270,6.37,6.43,3.93
"28761",0.31,"Ideal","E","VS2",60.9,57,680,4.34,4.36,2.65
"3105",0.83,"Very Good","F","SI1",61.9,58,3322,5.97,6.01,3.71
"32809",0.34,"Ideal","E","VS1",62.2,55,805,4.49,4.52,2.8
"41924",0.5,"Premium","E","SI2",60.1,60,1262,5.13,5.05,3.06
"27150",1.97,"Very Good","H","VS2",62.9,59,17377,7.9,8.01,5
"22155",1.09,"Ideal","F","VVS2",62,56,10196,6.63,6.6,4.1
"46535",0.51,"Premium","E","VS2",60.5,56,1781,5.24,5.18,3.15
"12004",1.01,"Premium","D","SI1",59.2,61,5147,6.4,6.34,3.77
"4010",0.9,"Good","F","SI2",63.1,58,3519,6.11,6.13,3.86
"34540",0.43,"Ideal","H","VS1",61.1,57,868,4.88,4.91,2.99
"8976",0.97,"Very Good","G","SI1",61,59,4504,6.36,6.4,3.89
"53468",0.64,"Ideal","E","VS1",60.8,56,2679,5.61,5.59,3.41
"28275",0.24,"Very Good","E","VS2",60.8,56,362,4.02,4.04,2.45
"4413",1.01,"Very Good","I","SI1",58.8,58,3610,6.52,6.57,3.85
"35925",0.43,"Premium","E","SI2",61.2,59,919,4.89,4.82,2.97
"52010",0.59,"Ideal","G","IF",62,54,2444,5.38,5.43,3.35
"20934",1.01,"Very Good","E","VVS2",63.3,55,9140,6.41,6.36,4.04
"30060",0.41,"Premium","G","SI1",60.3,59,719,4.76,4.79,2.88
"19144",1.6,"Very Good","I","SI2",62.2,59,7906,7.42,7.46,4.63
"27580",1.79,"Premium","G","VS1",61.7,59,18419,7.85,7.74,4.81
"42075",0.6,"Premium","F","SI2",59.5,61,1272,5.48,5.45,3.26
"1734",0.32,"Premium","G","VS2",61.7,60,561,4.32,4.4,2.69
"26431",2,"Good","E","SI2",60.1,54,15962,8.01,8.15,4.86
"35866",0.34,"Good","F","IF",59,61,917,4.59,4.63,2.72
"11640",1,"Good","E","SI1",57.5,62,5051,6.5,6.58,3.76
"20590",1.71,"Very Good","I","SI2",62.7,58,8896,7.59,7.54,4.74
"27551",2.5,"Good","J","VS2",62,58,18325,8.63,8.6,5.34
"22256",1.71,"Ideal","J","VS1",62.4,56,10309,7.59,7.63,4.75
"46151",0.5,"Premium","G","VS1",59.7,60,1746,5.14,5.11,3.06
"17417",1.5,"Premium","H","SI2",61.2,61,6979,7.34,7.27,4.47
"24989",1.51,"Very Good","G","VVS2",63.6,57,13500,7.2,7.32,4.62
"19011",1.12,"Premium","G","VS1",62.2,59,7827,6.61,6.58,4.1
"17803",1,"Very Good","G","VVS2",63,56,7177,6.37,6.4,4.02
"14632",1.16,"Ideal","G","SI1",61.8,55,5908,6.75,6.78,4.18
"43144",0.52,"Very Good","H","VS2",63.5,58,1389,5.08,5.09,3.23
"16878",1.01,"Premium","D","VS1",61.1,56,6733,6.43,6.36,3.91
"98",0.96,"Fair","F","SI2",66.3,62,2759,6.27,5.95,4.07
"24545",1.51,"Premium","G","VS1",62.4,60,12831,7.3,7.34,4.57
"15404",1.02,"Premium","G","VS2",59.2,59,6169,6.66,6.58,3.92
"4101",1.01,"Premium","J","VS2",59.8,61,3535,6.47,6.43,3.86
"36800",0.34,"Premium","E","VS2",61.9,58,956,4.45,4.43,2.75
"50717",0.7,"Premium","H","VS1",62.3,59,2293,5.71,5.66,3.54
"3583",0.71,"Ideal","F","SI1",61.2,55,3421,5.76,5.8,3.54
"9262",0.92,"Ideal","D","SI1",62.2,56,4561,6.23,6.27,3.89
"16898",1.21,"Very Good","H","VS2",62.1,60,6745,6.77,6.83,4.22
"38809",0.31,"Premium","G","VVS1",61.1,58,1046,4.35,4.32,2.65
"42894",0.51,"Ideal","D","SI2",62.5,55,1359,5.15,5.12,3.21
"15835",1.01,"Good","E","VS2",63.7,56,6335,6.29,6.27,4
"2587",1.1,"Ideal","I","SI2",61.7,56,3216,6.65,6.6,4.09
"8710",0.39,"Ideal","J","VS2",61.8,55.9,586,4.66,4.69,2.89
"41565",0.51,"Premium","E","SI1",62.6,60,1237,5.13,5.06,3.2
"780",0.71,"Very Good","F","VS2",61.3,61,2860,5.68,5.73,3.5
"52668",0.78,"Very Good","F","SI2",62.2,59,2550,5.89,5.94,3.68
"37462",0.42,"Premium","G","VS1",59.4,59,984,4.9,4.86,2.9
"18409",1.03,"Ideal","G","VS1",61.4,55,7481,6.5,6.53,4
"41764",0.38,"Ideal","E","VVS1",62.4,53.2,1245,4.62,4.66,2.9
"51416",0.76,"Ideal","H","SI1",62.4,55,2371,5.87,5.83,3.65
"21037",0.31,"Good","G","VS1",63.3,56,625,4.29,4.33,2.73
"13050",0.3,"Ideal","F","VS2",62.1,53.6,601,4.28,4.31,2.67
"37518",0.41,"Good","G","VVS1",61,61,986,4.77,4.8,2.92
"30188",0.4,"Fair","G","VS2",64.6,55,722,4.62,4.64,2.99
"1984",0.72,"Ideal","E","VVS2",62.1,57,3093,5.76,5.74,3.57
"29226",0.31,"Ideal","G","VS1",62.7,57,695,4.34,4.31,2.71
"24171",1.52,"Premium","D","SI1",58.4,60,12342,7.57,7.52,4.41
"24332",2.02,"Fair","I","SI2",64.5,60,12592,7.94,7.82,5.08
"23095",2.01,"Good","I","VS2",59,64,11115,8.25,8.19,4.85
"8609",1.08,"Ideal","J","SI1",61.8,56.2,4443,6.55,6.58,4.06
"29325",0.31,"Premium","H","VS1",62.9,58,698,4.34,4.31,2.72
"4435",0.9,"Good","G","SI1",64.5,57,3615,6.04,6.09,3.91
"8739",0.96,"Premium","E","SI2",58.2,58,4462,6.52,6.47,3.78
"20204",1.06,"Ideal","G","VVS1",61.6,57,8643,6.55,6.53,4.03
"20665",1.51,"Ideal","H","SI2",61.9,56,8951,7.31,7.36,4.54
"20839",2.28,"Good","J","SI2",63.6,57,9068,8.37,8.32,5.31
"16559",1.1,"Ideal","H","VVS2",59.7,58,6616,6.76,6.7,4.01
"2580",0.78,"Ideal","D","SI1",61.1,57,3214,5.95,5.97,3.64
"2117",0.7,"Ideal","F","SI1",61.2,55,3119,5.74,5.76,3.52
"51814",0.7,"Ideal","I","SI1",62.8,56,2417,5.63,5.68,3.55
"45200",0.51,"Ideal","E","VS2",62.6,55,1656,5.08,5.11,3.19
"51806",0.75,"Premium","G","SI1",60.4,58,2415,5.88,5.84,3.54
"2418",0.72,"Ideal","H","VVS1",61.5,57,3180,5.74,5.76,3.54
"50705",0.71,"Ideal","F","SI2",60.7,57,2291,5.78,5.81,3.52
"7103",1.06,"Ideal","I","SI2",61.3,56,4167,6.59,6.55,4.03
"6817",1.01,"Good","E","SI2",63.7,55,4118,6.38,6.31,4.05
"4097",0.82,"Very Good","G","VS2",59.8,56,3535,6.13,6.18,3.68
"16681",0.32,"Ideal","H","SI2",61.4,56,420,4.4,4.43,2.71
"2437",0.73,"Very Good","E","VS2",62.9,58,3184,5.7,5.75,3.6
"5859",0.91,"Premium","H","VS2",59.6,60,3921,6.25,6.29,3.74
"3933",1.01,"Very Good","J","SI1",62.9,57,3499,6.35,6.37,4
"12598",1.09,"Premium","F","SI1",60.9,59,5287,6.59,6.64,4.03
"2236",0.71,"Ideal","H","IF",61.2,56,3146,5.74,5.79,3.53
"9931",1.05,"Premium","H","SI1",59.5,58,4692,6.69,6.61,3.96
"30826",0.33,"Ideal","I","VVS2",62.4,57,743,4.44,4.41,2.76
"51913",0.71,"Good","D","SI2",63.3,55,2436,5.65,5.72,3.6
"23578",1.5,"Premium","F","SI1",61.4,59,11588,7.34,7.31,4.5
"12993",1.26,"Premium","I","SI2",62.2,58,5398,6.98,6.92,4.32
"22435",1.09,"Very Good","F","VVS1",61.4,58,10463,6.6,6.65,4.07
"44898",0.5,"Very Good","E","VS2",63.2,57,1629,5.06,5.03,3.19
"46514",0.47,"Very Good","G","VVS1",60.6,55,1780,5.05,5.09,3.07
"36569",0.4,"Ideal","E","SI1",61.1,56,945,4.79,4.77,2.92
"31262",0.32,"Very Good","I","VS2",61.1,57,449,4.39,4.42,2.69
"8811",1.2,"Good","I","SI2",64.1,57,4476,6.7,6.62,4.27
"31124",0.43,"Very Good","G","SI1",60.4,58,754,4.87,4.9,2.95
"43675",0.5,"Very Good","F","VS2",63,55,1436,5.04,5.09,3.19
"16168",1.02,"Good","E","VS2",63.2,60,6462,6.29,6.34,3.99
"32027",0.43,"Ideal","H","VS2",62.3,54,778,4.85,4.88,3.03
"15485",1.16,"Premium","H","VS2",62.3,56,6202,6.77,6.68,4.19
"18560",1.3,"Very Good","F","SI1",61.5,58,7567,6.99,7.06,4.32
"18229",1.26,"Ideal","H","SI1",60.8,57,7400,7.01,6.97,4.25
"3716",0.73,"Ideal","E","SI1",61.5,56,3453,5.79,5.82,3.57
"40992",0.42,"Premium","E","VS1",62.1,55,1181,4.85,4.81,3
"38305",0.37,"Very Good","F","SI2",60.7,57,487,4.62,4.67,2.82
"48156",0.54,"Ideal","D","VS1",62,56,1941,5.21,5.25,3.24
"18933",1.59,"Premium","D","SI2",59.4,61,7779,7.62,7.56,4.51
"43173",0.42,"Premium","F","IF",62.2,56,1389,4.85,4.8,3
"41727",0.41,"Ideal","E","VVS2",60,57,1243,4.85,4.81,2.9
"9978",1.2,"Good","H","SI2",64.1,57,4704,6.68,6.65,4.27
"5534",0.92,"Premium","F","SI2",61.8,58,3854,6.19,6.23,3.84
"17068",0.32,"Premium","G","SI1",61,61,612,4.41,4.38,2.68
"18678",1.06,"Ideal","F","VS2",61.1,56.5,7637,6.57,6.6,4.03
"35939",0.41,"Ideal","D","SI1",63,56,920,4.8,4.75,3.01
"47944",0.59,"Ideal","G","VS1",62.1,55,1916,5.35,5.4,3.34
"22946",1.01,"Very Good","E","VVS1",63.6,55,10993,6.35,6.39,4.05
"39249",0.41,"Ideal","G","VVS1",62.4,55,1068,4.74,4.78,2.97
"15873",1.26,"Premium","I","VS2",61.2,59,6350,7.03,6.9,4.26
"35793",0.32,"Ideal","F","VVS1",62.6,56,913,4.37,4.41,2.75
"24518",1.58,"Very Good","D","SI1",62.4,60,12799,7.41,7.44,4.63
"20549",1.13,"Premium","G","VVS1",59.3,59,8868,6.87,6.79,4.05
"9515",0.9,"Premium","D","SI1",62.4,61,4612,6.17,6.13,3.84
"45429",0.54,"Ideal","F","SI1",61.8,56,1669,5.22,5.23,3.23
"12787",1,"Fair","D","SI1",65.5,60,5331,6.18,6.12,4.03
"11",0.3,"Good","J","SI1",64,55,339,4.25,4.28,2.73
"11214",1.11,"Premium","H","SI1",61.9,58,4960,6.63,6.59,4.09
"8927",0.71,"Ideal","F","VVS2",61.6,56,4497,5.73,5.75,3.53
"2480",0.9,"Good","J","VVS2",57.4,61,3193,6.42,6.37,3.67
"34919",0.34,"Premium","F","VS2",61.2,59,880,4.52,4.47,2.75
"8922",1,"Premium","E","SI2",62.7,58,4496,6.34,6.41,4
"7889",1,"Fair","D","SI2",64.5,54,4312,6.34,6.28,4.07
"42570",0.38,"Ideal","E","VVS1",62.4,56,1327,4.67,4.64,2.9
"44375",0.4,"Premium","E","IF",61.3,58,1580,4.77,4.73,2.91
"18424",1.5,"Very Good","J","VS2",62.6,58,7492,7.25,7.29,4.55
"9628",0.92,"Premium","H","VVS2",62.5,58,4637,6.25,6.16,3.88
"23840",1.01,"Very Good","D","VVS1",63.9,56,11923,6.32,6.36,4.05
"3698",1.04,"Very Good","I","SI2",61.6,58,3449,6.47,6.58,4.02
"33100",0.29,"Ideal","E","IF",61.9,57,815,4.25,4.29,2.64
"19041",0.3,"Ideal","F","VS1",61.2,57,621,4.32,4.34,2.65
"25284",2.23,"Premium","J","SI2",61.3,60,13931,8.4,8.35,5.13
"17754",1.13,"Ideal","G","VS2",61.9,56,7147,6.68,6.71,4.14
"30478",0.31,"Premium","I","VVS1",62.2,60,732,4.32,4.3,2.68
"15810",1.06,"Very Good","G","VS2",63.1,59,6325,6.48,6.45,4.08
"25784",1.5,"Ideal","F","VS2",62.6,57,14759,7.27,7.34,4.57
"7875",0.9,"Very Good","H","VS1",62.1,59,4309,6.09,6.14,3.8
"29764",0.35,"Ideal","I","VS1",61.6,56,709,4.58,4.54,2.81
"50479",0.52,"Ideal","G","IF",61.7,56,2267,5.15,5.19,3.19
"33541",0.35,"Ideal","D","VS2",61.3,56,829,4.54,4.56,2.79
"25052",2.17,"Premium","J","SI2",62.3,58,13556,8.31,8.26,5.16
"48828",0.71,"Premium","H","SI2",62.4,56,2028,5.7,5.64,3.54
"13846",1.19,"Very Good","I","VS1",59.9,61,5644,6.85,6.91,4.12
"2836",0.78,"Ideal","G","SI1",62.2,55,3267,5.87,5.9,3.66
"2682",0.79,"Ideal","D","SI1",61.2,56,3242,5.95,6.02,3.66
"40364",0.3,"Premium","D","IF",62.1,59,1130,4.27,4.29,2.66
"32724",0.31,"Premium","F","VS2",61.8,59,802,4.33,4.31,2.67
"41441",0.61,"Ideal","G","SI2",59.5,57,1228,5.55,5.51,3.29
"37798",0.41,"Ideal","G","VVS1",61.8,55,1000,4.76,4.79,2.95
"13945",1.05,"Fair","G","VS2",65.5,57,5673,6.38,6.34,4.17
"49722",0.7,"Premium","G","SI1",63,59,2150,5.64,5.6,3.54
"41777",0.42,"Very Good","E","VS1",62.8,57.8,1247,4.8,4.83,3.03
"24936",2.01,"Ideal","E","SI2",62.1,57,13387,8,7.88,4.93
"38967",0.27,"Ideal","G","VS2",61.6,54,490,4.17,4.2,2.58
"26756",2.01,"Ideal","I","SI1",61.4,57,16562,8.13,8.19,5.01
"51956",0.85,"Ideal","J","VS2",61.7,55,2442,6.08,6.11,3.76
"50910",0.7,"Fair","D","SI1",64.6,57,2318,5.6,5.57,3.61
"7307",0.91,"Premium","F","SI1",62.1,56,4204,6.24,6.2,3.86
"15563",1.01,"Premium","G","VS1",59.9,59,6239,6.48,6.51,3.89
"47957",0.68,"Very Good","E","SI1",58.2,60,1918,5.75,5.79,3.36
"14926",1.27,"Very Good","I","VS2",62.6,59,6007,6.86,6.95,4.32
"47504",0.58,"Ideal","F","VS1",61.9,54,1865,5.37,5.33,3.31
"35617",0.3,"Very Good","H","VS2",62.7,59,473,4.22,4.27,2.66
"46861",0.51,"Good","G","VVS2",58.1,62,1813,5.24,5.3,3.06
"16251",1.2,"Premium","H","VS2",62.8,59,6500,6.75,6.7,4.22
"31492",0.34,"Premium","G","VS2",60.3,58,765,4.53,4.49,2.72
"27828",0.39,"Premium","H","SI1",62,60,650,4.65,4.71,2.9
"49254",0.73,"Ideal","F","SI2",61.7,57,2087,5.78,5.82,3.58
"35097",0.3,"Ideal","F","IF",62.1,54,886,4.32,4.35,2.69
"34967",0.23,"Very Good","F","VVS2",63.1,56,472,3.93,3.96,2.49
"29328",0.31,"Ideal","H","VS1",61.7,57,698,4.34,4.32,2.67
"1021",0.71,"Premium","E","VS2",59.6,60,2902,5.85,5.8,3.47
"35247",0.34,"Ideal","G","VVS1",62.5,53,895,4.47,4.49,2.8
"44818",0.5,"Premium","G","VS1",59.7,60,1624,5.11,5.14,3.06
"9819",1.01,"Premium","D","SI2",58.8,59,4672,6.58,6.55,3.86
"46562",0.59,"Ideal","G","SI1",61.3,56,1782,5.38,5.42,3.31
"18651",1.6,"Ideal","F","SI2",62.8,56,7616,7.46,7.41,4.69
"53227",0.8,"Good","E","SI2",57.7,65,2640,6.13,6.08,3.52
"10512",0.63,"Very Good","D","IF",59.6,59,4800,5.55,5.59,3.32
"25202",2.01,"Ideal","I","SI2",62.3,57,13796,8.06,8.08,5.03
"1235",0.71,"Premium","F","VS1",61.1,58,2942,5.76,5.72,3.51
"19225",1.01,"Premium","E","VS1",60.8,59,7964,6.46,6.42,3.92
"20709",0.31,"Premium","H","VVS2",62.6,60,625,4.29,4.33,2.7
"53619",0.3,"Ideal","D","SI1",61.9,56,552,4.28,4.31,2.66
"14385",0.3,"Ideal","H","VVS2",61.7,54,605,4.31,4.34,2.67
"50744",0.57,"Ideal","E","VS1",61,56,2297,5.38,5.4,3.29
"3462",0.72,"Ideal","I","VS2",60.3,57,3391,5.82,5.86,3.52
"44556",0.52,"Premium","F","VS2",61.4,62,1605,5.19,5.16,3.18
"32164",0.28,"Ideal","F","IF",62.6,53,787,4.18,4.19,2.62
"19044",0.41,"Good","J","VS1",63.2,59,621,4.67,4.7,2.96
"37935",0.26,"Very Good","G","VVS2",62.6,56,486,4.1,4.13,2.57
"3441",0.9,"Premium","H","SI1",62.8,62,3387,6.09,6.05,3.81
"2792",0.78,"Very Good","D","SI1",62.5,58,3258,5.86,5.89,3.67
"32558",0.32,"Ideal","F","VVS2",61.2,55,800,4.43,4.46,2.72
"44542",0.53,"Ideal","H","VS2",61.7,54,1604,5.23,5.2,3.22
"46221",0.5,"Very Good","D","VS2",62.8,56,1752,5.04,5.08,3.18
"3192",0.78,"Premium","F","VS1",60.6,57,3342,6,5.95,3.62
"44197",0.51,"Ideal","D","SI1",61.8,55,1569,5.14,5.18,3.19
"43325",0.57,"Very Good","F","SI1",62.6,58,1403,5.28,5.32,3.32
"25198",2.04,"Premium","H","SI2",62.8,57,13790,8.13,8.08,5.09
"23209",1.5,"Very Good","G","VS1",59.1,62,11216,7.38,7.42,4.37
"35739",0.3,"Premium","D","VS2",61.9,58,911,4.32,4.28,2.66
"21811",1.04,"Premium","E","VVS2",62.8,58,9882,6.45,6.42,4.04
"32753",0.34,"Premium","D","SI1",60.2,60,803,4.54,4.5,2.72
"33516",0.42,"Very Good","I","SI1",63.5,54,829,4.76,4.72,3.01
"8941",1.01,"Very Good","F","SI2",63.2,59,4497,6.38,6.35,4.02
"48385",0.72,"Very Good","J","SI1",63,57,1966,5.69,5.74,3.6
"13635",1.05,"Premium","H","VS1",60.9,60,5580,6.58,6.53,3.99
"35510",0.41,"Very Good","E","SI1",63.1,57,904,4.78,4.73,3
"9822",1.01,"Premium","G","SI1",61,62,4672,6.49,6.4,3.93
"40536",0.39,"Ideal","F","VVS1",61.7,57,1148,4.68,4.71,2.89
"6380",0.25,"Premium","E","VVS2",61.5,59,576,4.02,4.04,2.48
"6937",0.93,"Premium","D","SI2",62.6,57,4140,6.26,6.2,3.9
"7886",0.66,"Very Good","D","VVS2",60.7,59,4311,5.6,5.67,3.42
"44475",0.52,"Ideal","G","VS2",60.8,57,1595,5.19,5.21,3.16
"47980",0.32,"Ideal","E","SI1",62.1,54,532,4.4,4.42,2.74
"1808",0.7,"Very Good","D","VS1",62.9,60,3054,5.62,5.67,3.55
"25753",1.52,"Very Good","D","VS2",61.9,56,14698,7.31,7.35,4.54
"20370",1.56,"Ideal","J","VS1",62.5,56,8763,7.38,7.46,4.64
"26966",1.07,"Ideal","D","IF",60.9,54,17042,6.66,6.73,4.08
"51366",0.71,"Ideal","F","SI2",62.1,54,2365,5.73,5.76,3.57
"23609",1.52,"Premium","F","SI1",62.6,59,11637,7.27,7.36,4.58
"22738",1.54,"Premium","H","VS2",61.9,61,10758,7.41,7.33,4.56
"20374",0.31,"Premium","G","VS1",62.1,58,625,4.31,4.36,2.69
"35786",0.32,"Ideal","D","VS2",61.9,55,912,4.43,4.45,2.75
